model_name,dataset_name,seed,n_rows,n_replays,n_train_rows,n_test_rows,n_train_replays,n_test_replays,accuracy,balanced_accuracy,roc_auc,log_loss
rf,real_v3_1_fixed_smoke1500,42,57290,1500,45532,11758,1200,300,0.6156659295798605,0.5999279778556148,0.641401228872329,0.6597295216135314
rf,real_v3_1_fixed_smoke1500,43,57290,1500,45740,11550,1200,300,0.6157575757575757,0.5994422831961993,0.648463330961732,0.6569500758692204
rf,real_v3_1_fixed_smoke1500,44,57290,1500,45542,11748,1200,300,0.5481784133469527,0.5617909326554991,0.5948912749938673,0.6847087864606926
