{
  "dataset": "v3_1_fixed",
  "n_samples": 178699,
  "xgboost": {
    "model": "XGBoost",
    "n_samples": 178699,
    "positive_rate": 0.5379269050190544,
    "mean_predicted_probability": 0.5171079329184999,
    "brier_score": 0.22729093876883988,
    "log_loss": 0.6451409213065206,
    "roc_auc": 0.6664887274496327,
    "ece": 0.020818972100554566,
    "mce": 0.02940739295851391
  },
  "random_forest": {
    "model": "Random Forest",
    "n_samples": 178699,
    "positive_rate": 0.5379269050190544,
    "mean_predicted_probability": 0.5158864402221197,
    "brier_score": 0.22862110720510892,
    "log_loss": 0.6483285479067915,
    "roc_auc": 0.6641953845275458,
    "ece": 0.029354467802090244,
    "mce": 0.07905515544293984
  },
  "mlp_pytorch": {
    "model": "MLP PyTorch",
    "n_samples": 178699,
    "positive_rate": 0.5379269050190544,
    "mean_predicted_probability": 0.5052681312136161,
    "brier_score": 0.22890196617958147,
    "log_loss": 0.6487730110743604,
    "roc_auc": 0.6620248474570631,
    "ece": 0.032815091108277065,
    "mce": 0.04094863924137537
  }
}