feature,importance
diff_income,0.043428246864133456
diff_workers,0.03684970778818671
p2_scout,0.034574182329274006
p1_scout,0.031486539561990434
diff_sq,0.02496173251178672
diff_combat_score,0.02395735992304218
diff_sq_vol_120,0.022742976448528608
diff_income_vol_120,0.02266741285291182
diff_income_120s,0.022291090935557867
p2_sq,0.022131914901558036
p1_sq,0.021175708688511766
income_per_worker_diff,0.0211664238075704
diff_income_60s,0.021106041780836738
army_supply_ratio_diff,0.020840059254518865
p2_income_per_worker,0.02060699547596894
p1_income_per_worker,0.020568644422556716
diff_sq_120s,0.02015350893560922
diff_combat_120s,0.020116290036838295
diff_sq_60s,0.02002154782955228
diff_workers_vol_120,0.01991605793477616
diff_combat_vol_120,0.01957829116332795
delta_sq_p2,0.01907790927137978
delta_sq_p1,0.01898319395835696
income_momentum_15,0.01891372175040039
p2_combat,0.01884710599149028
p1_combat,0.018745716924002915
sq_momentum_15,0.018644396669916036
diff_combat_60s,0.018471394102402363
diff_epm,0.017753106666486284
p2_epm,0.017625978116796937
p2_workers,0.01761230567619447
p2_army_entropy,0.017576957274069827
p1_army_entropy,0.0173677441863453
p1_workers,0.017130605869664303
p1_epm,0.017124608496152723
p2_army_to_worker_ratio,0.01688046760750948
p2_army_supply_ratio,0.01686485323920967
p1_army_to_worker_ratio,0.01680572012164917
p1_army_supply_ratio,0.016784753250288477
combat_momentum_15,0.016310058433337535
delta_combat_p2,0.016019794226472046
delta_combat_p1,0.015840202599934197
diff_workers_120s,0.014009774541306712
p2_worker_growth_ratio,0.012074118257303975
p1_worker_growth_ratio,0.012044008292077423
diff_workers_60s,0.011604039857265267
loss_trade_ratio,0.010232956467065762
p1_recent_losses,0.008583925426351266
p2_recent_losses,0.00794003918828619
economic_momentum_15,0.007482201840033067
p2_num_unit_types,0.006158736432580439
p1_num_unit_types,0.005853053266040245
delta_workers_p1,0.0055419991848373595
delta_workers_p2,0.005508396554932669
tech_diff,0.005160560129574025
p2_tech_level,0.0033603782519515753
p1_tech_level,0.0033577108503749413
phase,0.0013667735809226725
