{
  "dataset_name": "real_v3_1_fixed_fullgpu_clean",
  "seed": 43,
  "model": "xgb_full",
  "profile": "full",
  "device": "cuda",
  "n_rows_train": 571203,
  "n_rows_val": 142558,
  "n_rows_test": 178286,
  "n_features": 64,
  "accuracy": 0.6072770716713595,
  "balanced_accuracy": 0.6045979601669711,
  "roc_auc": 0.6551047633383114,
  "log_loss": 0.6511464234068374,
  "best_iteration": 1439,
  "best_score": 0.6411902334970107,
  "confusion_matrix": [
    [
      46328,
      38902
    ],
    [
      31115,
      61941
    ]
  ]
}