{
  "model": "MLP_PyTorch",
  "dataset_path": "starcraft_full_dataset_v3_1_fixed.csv",
  "device": "cuda",
  "amp": true,
  "rows": 892047,
  "n_features": 64,
  "n_replays_total": 23241,
  "n_replays_train": 14873,
  "n_replays_val": 3719,
  "n_replays_test": 4649,
  "best_params": {
    "hidden_dims": [
      512,
      256
    ],
    "dropout": 0.2,
    "lr": 0.0005,
    "weight_decay": 0.001,
    "batch_size": 4096
  },
  "best_epoch": 5,
  "validation_logloss": 0.6477161400973124,
  "test_accuracy": 0.6100257975702158,
  "test_balanced_accuracy": 0.6112954581999952,
  "test_auc": 0.6620248474570631,
  "test_logloss": 0.6487730111884316
}