{
  "dataset": "v3_1_fixed",
  "models": [
    "XGBoost",
    "Random Forest",
    "MLP PyTorch"
  ],
  "duration_bins": [
    0.0,
    5.0,
    10.0,
    15.0,
    20.0,
    25.0
  ],
  "xgb_accuracy": [
    0.58532518065592,
    0.6435198272981933,
    0.6284948019552147,
    0.611934561702741,
    0.5769603097773476,
    0.5684096450826335
  ],
  "rf_accuracy": [
    0.6153418565869928,
    0.636015522602863,
    0.626836618459187,
    0.6144329401590314,
    0.577011259998981,
    0.5819561094554321
  ],
  "mlp_accuracy": [
    0.547526403557532,
    0.6300274986507671,
    0.6226839502256571,
    0.6074903307949168,
    0.5690630254241605,
    0.5621782714711461
  ],
  "n_samples_consistent_all_bins": true,
  "n_replays_consistent_all_bins": true,
  "notes": "XGBoost and RF durations are recomputed from test prediction CSVs. MLP durations are loaded from the saved duration CSV generated by the corrected v3 script."
}