{
  "dataset": "v3_1_fixed",
  "n_samples": 178699,
  "xgboost": {
    "model": "XGBoost",
    "n_samples": 178699,
    "positive_rate": 0.5379269050190544,
    "mean_predicted_probability": 0.5171079329184999,
    "brier_score": 0.22729093876883988,
    "log_loss": 0.6451409213065206,
    "roc_auc": 0.6664887274496327,
    "ece": 0.020818972100554566,
    "mce": 0.02940739295851391
  },
  "random_forest": {
    "model": "Random Forest",
    "n_samples": 178699,
    "positive_rate": 0.5379269050190544,
    "mean_predicted_probability": 0.5158864402221197,
    "brier_score": 0.22862110720510892,
    "log_loss": 0.6483285479067915,
    "roc_auc": 0.6641953845275458,
    "ece": 0.029354467802090244,
    "mce": 0.07905515544293984
  },
  "delta_brier_rf_minus_xgb": 0.0013301684362690414,
  "delta_logloss_rf_minus_xgb": 0.003187626600270943,
  "delta_ece_rf_minus_xgb": 0.008535495701535677,
  "interpretation": {
    "brier": "Lower is better.",
    "log_loss": "Lower is better.",
    "ece": "Lower is better.",
    "delta_*_rf_minus_xgb": "Positive values favor XGBoost."
  }
}