duration_min_bin,xgb_accuracy,xgb_n_samples,xgb_n_replays,rf_accuracy,rf_n_samples,rf_n_replays,mlp_accuracy,mlp_n_samples,mlp_n_replays,n_samples_consistent,n_replays_consistent
0.0,0.58532518065592,1799,217,0.6153418565869928,1799,217,0.547526403557532,1799,217,True,True
5.0,0.6435198272981933,38911,1705,0.636015522602863,38911,1705,0.6300274986507671,38911,1705,True,True
10.0,0.6284948019552147,69353,1719,0.626836618459187,69353,1719,0.6226839502256571,69353,1719,True,True
15.0,0.611934561702741,41627,688,0.6144329401590314,41627,688,0.6074903307949168,41627,688,True,True
20.0,0.5769603097773476,19627,246,0.577011259998981,19627,246,0.5690630254241605,19627,246,True,True
25.0,0.5684096450826335,7382,74,0.5819561094554321,7382,74,0.5621782714711461,7382,74,True,True
