{
  "model": "XGBoost",
  "dataset_path": "starcraft_full_dataset_v3_1_fixed.csv",
  "rows": 892047,
  "n_features": 64,
  "n_replays_total": 23241,
  "n_replays_train": 14873,
  "n_replays_val": 3719,
  "n_replays_test": 4649,
  "best_params": {
    "learning_rate": 0.05,
    "max_depth": 6
  },
  "cv_accuracy": 0.6065541012403792,
  "best_iteration": 488,
  "test_accuracy": 0.6193319492554519,
  "test_balanced_accuracy": 0.615447290491411,
  "test_auc": 0.6664887274496327,
  "test_logloss": 0.6451409213983648
}